{"2": {"Uniform": {"medians": [0.0019171761630746298, 1.7120228500232216e-05, 4.713781944423051e-07, 8.175546366311943e-07, 3.4919134328016167e-07, 4.1888638636363197e-07, 5.070255883688164e-07, 4.84320661650418e-07, 3.2517214468992913e-07, 7.180395400782993e-07, 4.807176028511059e-07, 3.6412025713856245e-07, 3.632703063263974e-07, 3.7797216887248996e-07, 2.674739933668165e-07, 3.6730159593956603e-07], "iqrs_25": [0.00025376111530560266, 5.430982569140506e-07, 2.618821656770042e-09, 4.613752283009713e-09, 2.481034453117097e-09, 2.5267363286928047e-09, 2.7594354774260127e-09, 2.484529341439058e-09, 1.930483819516946e-09, 3.6113237529804722e-09, 2.64212250300956e-09, 2.0065456108044215e-09, 2.1133113426373775e-09, 2.3772086598548477e-09, 1.5045556305947604e-09, 2.278045324533732e-09], "iqrs_75": [0.01258611932541635, 0.0007424726371543203, 8.321609891631242e-05, 0.00010718253542162771, 7.597038245825088e-05, 7.058052903563571e-05, 8.221641021253384e-05, 7.1104063921955e-05, 5.12552192525487e-05, 0.00012329067885488346, 7.743235989686906e-05, 5.8464578928094525e-05, 5.590226706839613e-05, 7.106648462657178e-05, 4.2949396242640314e-05, 6.52744950457212e-05]}, "Sparse": {"medians": [0.21879240936174835, 0.009267709989145136, 0.0004459316978328743, 2.436745939990892e-05, 1.1954593793829063e-05, 4.047309285904359e-06, 2.1181666711671927e-06, 3.9144055956576425e-06, 2.128987851204094e-06, 2.75577190654479e-06, 2.0009499185795203e-06, 1.6442219191152793e-06, 1.3209512208475295e-06, 1.5684180909812448e-06, 2.650134906284362e-06, 1.1160158365673954e-06], "iqrs_25": [0.2161656873339973, 0.0006677661118464535, 9.075490520206813e-06, 7.787663304176378e-08, 5.126150054696426e-08, 3.254335884612054e-08, 1.0710363637680643e-08, 1.92223067833045e-08, 1.2219708461833583e-08, 1.554496395804238e-08, 1.2646861019679056e-08, 9.961346842622953e-09, 7.191224706980119e-09, 9.670698026381315e-09, 1.4518104961732277e-08, 6.996630358944135e-09], "iqrs_75": [0.2257552298902703, 0.06004878987452041, 0.026283619136272012, 0.0022515536377084116, 0.0016052295572957223, 0.000638201888634955, 0.0003323998937183745, 0.0005101722874975593, 0.000296410722796602, 0.00044341084165774847, 0.00036028882161288613, 0.00026843413590610214, 0.0002259254234666354, 0.00025761396905266614, 0.00040007755568940756, 0.0001909494522189274]}, "Bell": {"medians": [0.21596218296255418, 0.0029766145545656623, 0.0033990420098706205, 2.746881751960659e-05, 2.7006279116990844e-06, 4.434054365047246e-06, 3.1768479656392728e-06, 2.3412389385229803e-06, 1.5694721528601422e-06, 2.182311467050858e-06, 2.481961882888227e-06, 1.6966087834581798e-06, 2.1397112664491714e-06, 1.948761255955983e-06, 1.7723674105231067e-06, 9.950694645688557e-07], "iqrs_25": [0.21576233471102862, 6.279176754695503e-05, 0.0003019938352367921, 9.059657815334145e-08, 1.1930453811943208e-08, 2.235203256620256e-08, 1.851250398967716e-08, 1.1117988051251863e-08, 8.511468576305646e-09, 1.2193792686172334e-08, 1.2281367465600787e-08, 1.0654962309931744e-08, 1.2642300406943127e-08, 1.0350730169797427e-08, 1.0023529570367763e-08, 5.537805203613182e-09], "iqrs_75": [0.219088641782905, 0.04374335516457681, 0.03508945209673779, 0.0022843944737384234, 0.0004388523006679039, 0.0008329743776528674, 0.0006924270181319925, 0.00030311618665488873, 0.00022046579187041167, 0.0003586048065318698, 0.00039767578208138533, 0.00031566906519230807, 0.00031921363060476366, 0.00030487360660475194, 0.0003312927917028884, 0.00015982070034010218]}}, "3": {"Uniform": {"medians": [0.001767115094866009, 0.0012714607422192644, 0.0002984152275558366, 2.717236943807705e-06, 1.5173717684812402e-06, 1.399634960437356e-06, 6.038397773974023e-07, 8.205038352411626e-07, 4.3346495330942917e-07, 6.842832496076937e-07, 5.581615315603346e-07, 4.841127269344772e-07, 7.248092708759813e-07, 5.36081994352859e-07, 5.923324185079715e-07, 5.483350470724112e-07], "iqrs_25": [0.00030173888392149445, 0.00021743550703700885, 7.648004778090255e-06, 1.5488879642046843e-08, 8.11400837017348e-09, 8.100367061388217e-09, 3.6993378549312024e-09, 4.785572310005704e-09, 2.7290806350819276e-09, 3.609580448958778e-09, 3.049036483198853e-09, 2.728884028790703e-09, 4.711032091473555e-09, 2.929985586155626e-09, 3.4512127497801153e-09, 3.357422936354653e-09], "iqrs_75": [0.011040355540075316, 0.0054945061471505284, 0.0025040694597294176, 0.00032653596029500446, 0.0002552185565144836, 0.00023082405699487401, 9.30237627490349e-05, 0.00016674583595262498, 7.16588681916361e-05, 9.390451612285944e-05, 8.77588730796705e-05, 7.965910046174604e-05, 0.000115249272851785, 9.484453059497571e-05, 9.282578431067342e-05, 0.00010228686423418941]}, "W": {"medians": [0.26308636327139057, 0.07853360488939226, 0.043733740685915665, 0.007295679414479729, 0.002499028146587034, 0.0003167610104767974, 9.743008258222168e-06, 6.961314438194039e-06, 5.2820492889908656e-06, 4.511837726966448e-06, 4.586186413739947e-06, 4.46850810093322e-06, 3.1355557092916693e-06, 3.435208250649337e-06, 3.0148850946991233e-06, 3.3481758516423933e-06], "iqrs_25": [0.25407455537233226, 0.061157883386708405, 0.016976213786244365, 0.001289123010730045, 0.00015752187246579138, 4.132054971211467e-06, 6.67305744304023e-08, 3.688733977862015e-08, 2.5088575541972907e-08, 2.8129030612081522e-08, 2.829783170129127e-08, 2.9397071055750598e-08, 1.6540953450387724e-08, 1.909121955100062e-08, 1.7725481158946427e-08, 2.0170116023028336e-08], "iqrs_75": [0.2914900296025809, 0.13069791238490602, 0.09011338462481308, 0.03360651983752563, 0.02138474775697561, 0.006032544580501876, 0.0026350733046868464, 0.0014298388053804484, 0.0006708920200191946, 0.0007045417805405132, 0.0009241974958930966, 0.0009460121919717744, 0.00051843701334194, 0.0004800858678315931, 0.00047962936379416984, 0.0005386265998230092]}, "GHZ": {"medians": [0.3027241519603141, 0.07011679860062785, 0.03542680450292755, 0.011759729509037486, 0.005493697883377493, 0.0013673994824673515, 3.153516323219953e-05, 2.003843680336621e-05, 7.594375706345208e-06, 8.539119912352355e-06, 5.2068436346701966e-06, 7.078920008677587e-06, 4.263997512454415e-06, 4.6056791071635565e-06, 4.362973407280131e-06, 4.272113054573386e-06], "iqrs_25": [0.2234205817776736, 0.00990863037563791, 0.010617253605508928, 0.001995346644340751, 0.0006365531194106128, 3.951748151536919e-05, 2.772801685417357e-07, 8.962098081945973e-08, 4.8572341849921104e-08, 5.068420376099068e-08, 3.3753807169421294e-08, 3.591867433142697e-08, 2.375991795129811e-08, 2.4939065979097566e-08, 2.4799554807688618e-08, 2.4019885593065185e-08], "iqrs_75": [0.3803961172481214, 0.22988984511038807, 0.12283986271336315, 0.0754665993502386, 0.04776044612002847, 0.020716838314654266, 0.003911673324080488, 0.003246851743964438, 0.0013503714247895902, 0.001367032569047218, 0.0010995190203281014, 0.0012645418741703386, 0.0008891640350958525, 0.0007445699965521653, 0.0008540390721938958, 0.0005964105940970636]}}, "4": {"Uniform": {"medians": [0.0022010925699544265, 0.0002576529291465623, 0.0001720511899328901, 1.20521470912141e-05, 1.3153832869658097e-06, 1.0194492969559851e-06, 1.0747877108903544e-06, 1.0504283408634739e-06, 6.859123584074235e-07, 8.519667436601366e-07, 7.339395128175698e-07, 6.836221225639682e-07, 6.891439753471741e-07, 5.847946540326601e-07, 7.551190642350613e-07, 6.383045150619341e-07], "iqrs_25": [0.00047791681157345264, 3.2406315446199504e-05, 3.684677131461045e-05, 8.095220239150412e-08, 6.7980927519541824e-09, 5.654777677853857e-09, 6.259919312828142e-09, 5.898582373420362e-09, 3.830329805118876e-09, 4.41695307766148e-09, 4.507975830116791e-09, 4.01659405097734e-09, 3.990095709886718e-09, 3.0972639165333165e-09, 3.946215804002099e-09, 3.551669251437887e-09],